Üniversite,Program Adı Öğretim Süresi,Şehir,2021,Bölüm,
BOĞAZİÇİ ÜNİVERSİTESİ Fen-Edebiyat Fakültesi Akademik Kadro,Çeviribilimi (İngilizce) (4 Yıllık),İSTANBUL,2037,DİL,
BOĞAZİÇİ ÜNİVERSİTESİ Fen-Edebiyat Fakültesi Akademik Kadro,İngiliz Dili ve Edebiyatı (İngilizce) (4 Yıllık),İSTANBUL,2528,DİL,
ORTA DOĞU TEKNİK ÜNİVERSİTESİ Eğitim Fakültesi Akademik Kadro,İngilizce Öğretmenliği (İngilizce) (UOLP-SUNY New Paltz) (%50 İndirimli) (4 Yıllık),ANKARA,2732,DİL,
BOĞAZİÇİ ÜNİVERSİTESİ Fen-Edebiyat Fakültesi Akademik Kadro,Dilbilimi (İngilizce) (4 Yıllık),İSTANBUL,2745,DİL,
GALATASARAY ÜNİVERSİTESİ Fen-Edebiyat Fakültesi Akademik Kadro,Fransız Dili ve Edebiyatı (Fransızca) (4 Yıllık),İSTANBUL,3247,DİL,
BOĞAZİÇİ ÜNİVERSİTESİ Eğitim Fakültesi Akademik Kadro,İngilizce Öğretmenliği (İngilizce) (4 Yıllık),İSTANBUL,3542,DİL,
HACETTEPE ÜNİVERSİTESİ Edebiyat Fakültesi Akademik Kadro,İngilizce Mütercim ve Tercümanlık (Fakülte) (4 Yıllık),ANKARA,4230,DİL,
ORTA DOĞU TEKNİK ÜNİVERSİTESİ Eğitim Fakültesi Akademik Kadro,İngilizce Öğretmenliği (İngilizce) (4 Yıllık),ANKARA,4599,DİL,
İSTANBUL ÜNİVERSİTESİ Edebiyat Fakültesi Akademik Kadro,İngilizce Mütercim ve Tercümanlık (Fakülte) (4 Yıllık),İSTANBUL,5122,DİL,
HACETTEPE ÜNİVERSİTESİ Eğitim Fakültesi Akademik Kadro,İngilizce Öğretmenliği (İngilizce) (4 Yıllık),ANKARA,5680,DİL,
MARMARA ÜNİVERSİTESİ Fen-Edebiyat Fakültesi Akademik Kadro,İngilizce Mütercim ve Tercümanlık (Fakülte) (4 Yıllık),İSTANBUL,5770,DİL,
EGE ÜNİVERSİTESİ Edebiyat Fakültesi Akademik Kadro,İngilizce Mütercim ve Tercümanlık (Fakülte) (4 Yıllık),İZMİR,6664,DİL,
HACETTEPE ÜNİVERSİTESİ Edebiyat Fakültesi Akademik Kadro,İngiliz Dili ve Edebiyatı (İngilizce) (4 Yıllık),ANKARA,6991,DİL,
MARMARA ÜNİVERSİTESİ Atatürk Eğitim Fakültesi Akademik Kadro,İngilizce Öğretmenliği (İngilizce) (4 Yıllık),İSTANBUL,7041,DİL,
YILDIZ TEKNİK ÜNİVERSİTESİ Eğitim Fakültesi Akademik Kadro,İngilizce Öğretmenliği (4 Yıllık),İSTANBUL,7641,DİL,
İSTANBUL ÜNİVERSİTESİ Edebiyat Fakültesi Akademik Kadro,İngiliz Dili ve Edebiyatı (İngilizce) (4 Yıllık),İSTANBUL,8019,DİL,
DOKUZ EYLÜL ÜNİVERSİTESİ Edebiyat Fakültesi Akademik Kadro,İngilizce Mütercim ve Tercümanlık (Fakülte) (4 Yıllık),İZMİR,8198,DİL,
İSTANBUL ÜNİVERSİTESİ-CERRAHPAŞA Hasan Ali Yücel Eğitim Fakültesi Akademik Kadro,İngilizce Öğretmenliği (İngilizce) (4 Yıllık),İSTANBUL,8780,DİL,
HACETTEPE ÜNİVERSİTESİ Edebiyat Fakültesi Akademik Kadro,İngiliz Dilbilimi (İngilizce) (4 Yıllık),ANKARA,8959,DİL,
DOKUZ EYLÜL ÜNİVERSİTESİ Buca Eğitim Fakültesi Akademik Kadro,İngilizce Öğretmenliği (İngilizce) (4 Yıllık),İZMİR,9045,DİL,
GAZİ ÜNİVERSİTESİ Gazi Eğitim Fakültesi Akademik Kadro,İngilizce Öğretmenliği (4 Yıllık),ANKARA,9449,DİL,
ANADOLU ÜNİVERSİTESİ Eğitim Fakültesi Akademik Kadro,İngilizce Öğretmenliği (4 Yıllık),ESKİŞEHİR,9738,DİL,
HACETTEPE ÜNİVERSİTESİ Edebiyat Fakültesi Akademik Kadro,Fransızca Mütercim ve Tercümanlık (4 Yıllık),ANKARA,9862,DİL,
EGE ÜNİVERSİTESİ Edebiyat Fakültesi Akademik Kadro,İngiliz Dili ve Edebiyatı (İngilizce) (4 Yıllık),İZMİR,10190,DİL,
HACETTEPE ÜNİVERSİTESİ Edebiyat Fakültesi Akademik Kadro,Amerikan Kültürü ve Edebiyatı (İngilizce) (4 Yıllık),ANKARA,10243,DİL,
AKDENİZ ÜNİVERSİTESİ Eğitim Fakültesi Akademik Kadro,İngilizce Öğretmenliği (4 Yıllık),ANTALYA,10291,DİL,
ESKİŞEHİR OSMANGAZİ ÜNİVERSİTESİ Eğitim Fakültesi Akademik Kadro,İngilizce Öğretmenliği (4 Yıllık),ESKİŞEHİR,10817,DİL,
HACETTEPE ÜNİVERSİTESİ Edebiyat Fakültesi Akademik Kadro,Almanca Mütercim ve Tercümanlık (Fakülte) (4 Yıllık),ANKARA,11299,DİL,
İSTANBUL ÜNİVERSİTESİ Edebiyat Fakültesi Akademik Kadro,Çin Dili ve Edebiyatı (Çince) (4 Yıllık),İSTANBUL,11345,DİL,
İSTANBUL MEDENİYET ÜNİVERSİTESİ Eğitim Bilimleri Fakültesi Akademik Kadro,İngilizce Öğretmenliği (4 Yıllık),İSTANBUL,11506,DİL,
ANKARA ÜNİVERSİTESİ Dil ve Tarih Coğrafya Fakültesi Akademik Kadro,İngiliz Dili ve Edebiyatı (İngilizce) (4 Yıllık),ANKARA,11664,DİL,
BURSA ULUDAĞ ÜNİVERSİTESİ Eğitim Fakültesi Akademik Kadro,İngilizce Öğretmenliği (4 Yıllık),BURSA,11670,DİL,
İSTANBUL ÜNİVERSİTESİ Edebiyat Fakültesi Akademik Kadro,İspanyol Dili ve Edebiyatı (İspanyolca) (4 Yıllık),İSTANBUL,11709,DİL,
ANKARA ÜNİVERSİTESİ Dil ve Tarih Coğrafya Fakültesi Akademik Kadro,Japon Dili ve Edebiyatı (4 Yıllık),ANKARA,11945,DİL,
İSTANBUL ÜNİVERSİTESİ Edebiyat Fakültesi Akademik Kadro,Amerikan Kültürü ve Edebiyatı (İngilizce) (4 Yıllık),İSTANBUL,11950,DİL,
MARMARA ÜNİVERSİTESİ Fen-Edebiyat Fakültesi Akademik Kadro,Almanca Mütercim ve Tercümanlık (Fakülte) (4 Yıllık),İSTANBUL,12180,DİL,
MARMARA ÜNİVERSİTESİ Fen-Edebiyat Fakültesi Akademik Kadro,Fransızca Mütercim ve Tercümanlık (4 Yıllık),İSTANBUL,12297,DİL,
ÇANAKKALE ONSEKİZ MART ÜNİVERSİTESİ Eğitim Fakültesi Akademik Kadro,İngilizce Öğretmenliği (4 Yıllık),ÇANAKKALE,12395,DİL,
ONDOKUZ MAYIS ÜNİVERSİTESİ Eğitim Fakültesi Akademik Kadro,İngilizce Öğretmenliği (4 Yıllık),SAMSUN,12789,DİL,
KOCAELİ ÜNİVERSİTESİ Eğitim Fakültesi Akademik Kadro,İngilizce Öğretmenliği (4 Yıllık),KOCAELİ,12962,DİL,
İSTANBUL ÜNİVERSİTESİ Edebiyat Fakültesi Akademik Kadro,Kore Dili ve Edebiyatı (Korece) (4 Yıllık),İSTANBUL,13227,DİL,
İZMİR DEMOKRASİ ÜNİVERSİTESİ Eğitim Fakültesi Akademik Kadro,İngilizce Öğretmenliği (İngilizce) (4 Yıllık),İZMİR,13263,DİL,
EGE ÜNİVERSİTESİ Edebiyat Fakültesi Akademik Kadro,Amerikan Kültürü ve Edebiyatı (İngilizce) (4 Yıllık),İZMİR,13300,DİL,
ÇUKUROVA ÜNİVERSİTESİ Eğitim Fakültesi Akademik Kadro,İngilizce Öğretmenliği (4 Yıllık),ADANA,13672,DİL,
MUĞLA SITKI KOÇMAN ÜNİVERSİTESİ Eğitim Fakültesi Akademik Kadro,İngilizce Öğretmenliği (İngilizce) (4 Yıllık),MUĞLA,13709,DİL,
ANKARA YILDIRIM BEYAZIT ÜNİVERSİTESİ İnsan ve Toplum Bilimleri Fakültesi Akademik Kadro,İngilizce Mütercim ve Tercümanlık (Fakülte) (4 Yıllık),ANKARA,14051,DİL,
MERSİN ÜNİVERSİTESİ Eğitim Fakültesi Akademik Kadro,İngilizce Öğretmenliği (4 Yıllık),MERSİN,14420,DİL,
BALIKESİR ÜNİVERSİTESİ Necatibey Eğitim Fakültesi Akademik Kadro,İngilizce Öğretmenliği (4 Yıllık),BALIKESİR,14617,DİL,
ANKARA ÜNİVERSİTESİ Dil ve Tarih Coğrafya Fakültesi Akademik Kadro,Sinoloji (4 Yıllık),ANKARA,14778,DİL,
AKDENİZ ÜNİVERSİTESİ Edebiyat Fakültesi Akademik Kadro,İngiliz Dili ve Edebiyatı (İngilizce) (4 Yıllık),ANTALYA,14849,DİL,
AYDIN ADNAN MENDERES ÜNİVERSİTESİ Eğitim Fakültesi Akademik Kadro,İngilizce Öğretmenliği (İngilizce) (4 Yıllık),AYDIN,14921,DİL,
PAMUKKALE ÜNİVERSİTESİ Eğitim Fakültesi Akademik Kadro,İngilizce Öğretmenliği (4 Yıllık),DENİZLİ,14946,DİL,
ORTA DOĞU TEKNİK ÜNİVERSİTESİ ODTÜ Kuzey Kıbrıs Kampusu (KKTC-Güzelyurt) Akademik Kadro,İngilizce Öğretmenliği (İngilizce) (Burslu) (4 Yıllık),ANKARA,15006,DİL,
İSTANBUL ÜNİVERSİTESİ Edebiyat Fakültesi Akademik Kadro,Fransız Dili ve Edebiyatı (Fransızca) (4 Yıllık),İSTANBUL,15067,DİL,
ANKARA ÜNİVERSİTESİ Dil ve Tarih Coğrafya Fakültesi Akademik Kadro,Amerikan Kültürü ve Edebiyatı (İngilizce) (4 Yıllık),ANKARA,15168,DİL,
YILDIZ TEKNİK ÜNİVERSİTESİ Fen-Edebiyat Fakültesi Akademik Kadro,Fransızca Mütercim ve Tercümanlık (4 Yıllık),İSTANBUL,15602,DİL,
İSTANBUL ÜNİVERSİTESİ Edebiyat Fakültesi Akademik Kadro,Alman Dili ve Edebiyatı (Almanca) (4 Yıllık),İSTANBUL,15694,DİL,
ALANYA ALAADDİN KEYKUBAT ÜNİVERSİTESİ Eğitim Fakültesi Akademik Kadro,İngilizce Öğretmenliği (4 Yıllık),ANTALYA,15846,DİL,
SAKARYA ÜNİVERSİTESİ Eğitim Fakültesi (Hendek) Akademik Kadro,İngilizce Öğretmenliği (İngilizce) (4 Yıllık),SAKARYA,16016,DİL,
EGE ÜNİVERSİTESİ Edebiyat Fakültesi Akademik Kadro,Almanca Mütercim ve Tercümanlık (Fakülte) (4 Yıllık),İZMİR,16150,DİL,
ERCİYES ÜNİVERSİTESİ Eğitim Fakültesi Akademik Kadro,İngilizce Öğretmenliği (4 Yıllık),KAYSERİ,16155,DİL,
HACETTEPE ÜNİVERSİTESİ Edebiyat Fakültesi Akademik Kadro,Fransız Dili ve Edebiyatı (4 Yıllık),ANKARA,16271,DİL,
MUĞLA SITKI KOÇMAN ÜNİVERSİTESİ Edebiyat Fakültesi Akademik Kadro,İngilizce Mütercim ve Tercümanlık (Fakülte) (4 Yıllık),MUĞLA,16355,DİL,
SÜLEYMAN DEMİREL ÜNİVERSİTESİ Eğitim Fakültesi Akademik Kadro,İngilizce Öğretmenliği (4 Yıllık),ISPARTA,16449,DİL,
ANKARA SOSYAL BİLİMLER ÜNİVERSİTESİ Yabancı Diller Fakültesi Akademik Kadro,İngiliz Dili ve Edebiyatı (İngilizce) (4 Yıllık),ANKARA,16567,DİL,
TRAKYA ÜNİVERSİTESİ Eğitim Fakültesi Akademik Kadro,İngilizce Öğretmenliği (İngilizce) (4 Yıllık),EDİRNE,16684,DİL,
İSTANBUL ÜNİVERSİTESİ Edebiyat Fakültesi Akademik Kadro,Dilbilimi (4 Yıllık),İSTANBUL,17071,DİL,
BOLU ABANT İZZET BAYSAL ÜNİVERSİTESİ Eğitim Fakültesi Akademik Kadro,İngilizce Öğretmenliği (4 Yıllık),BOLU,17206,DİL,
GAZİANTEP ÜNİVERSİTESİ Gaziantep Eğitim Fakültesi Akademik Kadro,İngilizce Öğretmenliği (4 Yıllık),GAZİANTEP,17216,DİL,
NECMETTİN ERBAKAN ÜNİVERSİTESİ Ahmet Keleşoğlu Eğitim Fakültesi Akademik Kadro,İngilizce Öğretmenliği (4 Yıllık),KONYA,17281,DİL,
ANKARA ÜNİVERSİTESİ Dil ve Tarih Coğrafya Fakültesi Akademik Kadro,İspanyol Dili ve Edebiyatı (İspanyolca) (4 Yıllık),ANKARA,17290,DİL,
ANKARA ÜNİVERSİTESİ Dil ve Tarih Coğrafya Fakültesi Akademik Kadro,Kore Dili ve Edebiyatı (4 Yıllık),ANKARA,17654,DİL,
İSTANBUL ÜNİVERSİTESİ Edebiyat Fakültesi Akademik Kadro,İtalyan Dili ve Edebiyatı (4 Yıllık),İSTANBUL,17738,DİL,
TRABZON ÜNİVERSİTESİ Fatih Eğitim Fakültesi Akademik Kadro,İngilizce Öğretmenliği (4 Yıllık),TRABZON,17964,DİL,
DOKUZ EYLÜL ÜNİVERSİTESİ Edebiyat Fakültesi Akademik Kadro,Amerikan Kültürü ve Edebiyatı (İngilizce) (4 Yıllık),İZMİR,18023,DİL,
ANKARA ÜNİVERSİTESİ Açık ve Uzaktan Eğitim Fakültesi Akademik Kadro,İngiliz Dili ve Edebiyatı (İngilizce) (Uzaktan Öğretim) (4 Yıllık),ANKARA,18133,DİL,
İSTANBUL ÜNİVERSİTESİ Edebiyat Fakültesi Akademik Kadro,Rus Dili ve Edebiyatı (4 Yıllık),İSTANBUL,18290,DİL,
ÇANAKKALE ONSEKİZ MART ÜNİVERSİTESİ Eğitim Fakültesi Akademik Kadro,Japonca Öğretmenliği (4 Yıllık),ÇANAKKALE,18343,DİL,
MANİSA CELÂL BAYAR ÜNİVERSİTESİ Fen-Edebiyat Fakültesi Akademik Kadro,İngilizce Mütercim ve Tercümanlık (Fakülte) (4 Yıllık),MANİSA,18421,DİL,
HACETTEPE ÜNİVERSİTESİ Edebiyat Fakültesi Akademik Kadro,Alman Dili ve Edebiyatı (4 Yıllık),ANKARA,18455,DİL,
ÇANAKKALE ONSEKİZ MART ÜNİVERSİTESİ Fen ve Edebiyat Fakültesi Akademik Kadro,İngiliz Dili ve Edebiyatı (4 Yıllık),ÇANAKKALE,18608,DİL,
DÜZCE ÜNİVERSİTESİ Eğitim Fakültesi Akademik Kadro,İngilizce Öğretmenliği (İngilizce) (4 Yıllık),DÜZCE,18639,DİL,
DİCLE ÜNİVERSİTESİ Ziya Gökalp Eğitim Fakültesi Akademik Kadro,İngilizce Öğretmenliği (4 Yıllık),DİYARBAKIR,18693,DİL,
İNÖNÜ ÜNİVERSİTESİ Eğitim Fakültesi Akademik Kadro,İngilizce Öğretmenliği (4 Yıllık),MALATYA,18786,DİL,
BURDUR MEHMET AKİF ERSOY ÜNİVERSİTESİ Eğitim Fakültesi Akademik Kadro,İngilizce Öğretmenliği (4 Yıllık),BURDUR,18948,DİL,
NEVŞEHİR HACI BEKTAŞ VELİ ÜNİVERSİTESİ Eğitim Fakültesi Akademik Kadro,İngilizce Öğretmenliği (4 Yıllık),NEVŞEHİR,19004,DİL,
ANKARA SOSYAL BİLİMLER ÜNİVERSİTESİ Yabancı Diller Fakültesi Akademik Kadro,Japonca Mütercim ve Tercümanlık (4 Yıllık),ANKARA,19057,DİL,
MARMARA ÜNİVERSİTESİ Atatürk Eğitim Fakültesi Akademik Kadro,Fransızca Öğretmenliği (Fransızca) (4 Yıllık),İSTANBUL,19134,DİL,
İSTANBUL MEDENİYET ÜNİVERSİTESİ Edebiyat Fakültesi Akademik Kadro,İspanyol Dili ve Edebiyatı (4 Yıllık),İSTANBUL,19262,DİL,
AKDENİZ ÜNİVERSİTESİ Edebiyat Fakültesi Akademik Kadro,İngiliz Dili ve Edebiyatı (İngilizce) (İÖ) (4 Yıllık),ANTALYA,19306,DİL,
TRAKYA ÜNİVERSİTESİ Edebiyat Fakültesi Akademik Kadro,İngilizce Mütercim ve Tercümanlık (Fakülte) (4 Yıllık),EDİRNE,19356,DİL,
HATAY MUSTAFA KEMAL ÜNİVERSİTESİ Eğitim Fakültesi Akademik Kadro,İngilizce Öğretmenliği (4 Yıllık),HATAY,19567,DİL,
AFYON KOCATEPE ÜNİVERSİTESİ Eğitim Fakültesi Akademik Kadro,İngilizce Öğretmenliği (İngilizce) (4 Yıllık),AFYONKARAHİSAR,19690,DİL,
ANKARA HACI BAYRAM VELİ ÜNİVERSİTESİ Edebiyat Fakültesi Akademik Kadro,İngiliz Dili ve Edebiyatı (İngilizce) (4 Yıllık),ANKARA,19874,DİL,
AMASYA ÜNİVERSİTESİ Eğitim Fakültesi Akademik Kadro,İngilizce Öğretmenliği (4 Yıllık),AMASYA,19887,DİL,
İZMİR DEMOKRASİ ÜNİVERSİTESİ Fen-Edebiyat Fakültesi Akademik Kadro,İngiliz Dili ve Edebiyatı (İngilizce) (4 Yıllık),İZMİR,20060,DİL,
SİNOP ÜNİVERSİTESİ Eğitim Fakültesi Akademik Kadro,İngilizce Öğretmenliği (İngilizce) (4 Yıllık),SİNOP,20557,DİL,
ANKARA ÜNİVERSİTESİ Dil ve Tarih Coğrafya Fakültesi Akademik Kadro,Rus Dili ve Edebiyatı (Rusça) (4 Yıllık),ANKARA,20692,DİL,
KOCAELİ ÜNİVERSİTESİ Fen-Edebiyat Fakültesi Akademik Kadro,İngiliz Dili ve Edebiyatı (4 Yıllık),KOCAELİ,20789,DİL,
VAN YÜZÜNCÜ YIL ÜNİVERSİTESİ Eğitim Fakültesi Akademik Kadro,İngilizce Öğretmenliği (İngilizce) (4 Yıllık),VAN,21106,DİL,
Üniversite,Program Adı Öğretim Süresi,Şehir,TBS,2019,2018
BOLU ABANT İZZET BAYSAL ÜNİVERSİTESİ Yabancı Diller Yüksekokulu Akademik Kadro,İngilizce Mütercim ve Tercümanlık (Yüksekokul) (4 Yıllık),BOLU,21338,DİL,
SİVAS CUMHURİYET ÜNİVERSİTESİ Eğitim Fakültesi Akademik Kadro,İngilizce Öğretmenliği (4 Yıllık),SİVAS,21431,DİL,
NİĞDE ÖMER HALİSDEMİR ÜNİVERSİTESİ Eğitim Fakültesi Akademik Kadro,İngilizce Öğretmenliği (4 Yıllık),NİĞDE,21456,DİL,
GİRESUN ÜNİVERSİTESİ Eğitim Fakültesi Akademik Kadro,İngilizce Öğretmenliği (4 Yıllık),GİRESUN,21467,DİL,
EGE ÜNİVERSİTESİ Edebiyat Fakültesi Akademik Kadro,Alman Dili ve Edebiyatı (Almanca) (4 Yıllık),İZMİR,21583,DİL,
KAHRAMANMARAŞ SÜTÇÜ İMAM ÜNİVERSİTESİ Eğitim Fakültesi Akademik Kadro,İngilizce Öğretmenliği (4 Yıllık),KAHRAMANMARAŞ,21686,DİL,
ATATÜRK ÜNİVERSİTESİ Kazım Karabekir Eğitim Fakültesi Akademik Kadro,İngilizce Öğretmenliği (4 Yıllık),ERZURUM,21772,DİL,
BARTIN ÜNİVERSİTESİ Eğitim Fakültesi Akademik Kadro,İngilizce Öğretmenliği (İngilizce) (4 Yıllık),BARTIN,21834,DİL,
MUĞLA SITKI KOÇMAN ÜNİVERSİTESİ Edebiyat Fakültesi Akademik Kadro,İngiliz Dili ve Edebiyatı (4 Yıllık),MUĞLA,21994,DİL,
FIRAT ÜNİVERSİTESİ Eğitim Fakültesi Akademik Kadro,İngilizce Öğretmenliği (İngilizce) (4 Yıllık),ELAZIĞ,22242,DİL,
TOKAT GAZİOSMANPAŞA ÜNİVERSİTESİ Eğitim Fakültesi Akademik Kadro,İngilizce Öğretmenliği (4 Yıllık),TOKAT,22555,DİL,
ANKARA ÜNİVERSİTESİ Dil ve Tarih Coğrafya Fakültesi Akademik Kadro,Fransız Dili ve Edebiyatı (4 Yıllık),ANKARA,22587,DİL,
HARRAN ÜNİVERSİTESİ Eğitim Fakültesi Akademik Kadro,İngilizce Öğretmenliği (İngilizce) (4 Yıllık),ŞANLIURFA,23150,DİL,
YOZGAT BOZOK ÜNİVERSİTESİ Eğitim Fakültesi Akademik Kadro,İngilizce Öğretmenliği (İngilizce) (4 Yıllık),YOZGAT,23264,DİL,
İSTANBUL ÜNİVERSİTESİ Edebiyat Fakültesi Akademik Kadro,Arap Dili ve Edebiyatı (4 Yıllık),İSTANBUL,23280,DİL,
AYDIN ADNAN MENDERES ÜNİVERSİTESİ Fen-Edebiyat Fakültesi Akademik Kadro,İngiliz Dili ve Edebiyatı (İngilizce) (4 Yıllık),AYDIN,23295,DİL,
HACETTEPE ÜNİVERSİTESİ Eğitim Fakültesi Akademik Kadro,Fransızca Öğretmenliği (4 Yıllık),ANKARA,23443,DİL,
AKDENİZ ÜNİVERSİTESİ Turizm Fakültesi Akademik Kadro,Turizm Rehberliği (Fakülte) (4 Yıllık),ANTALYA,23539,DİL,
SELÇUK ÜNİVERSİTESİ Yabancı Diller Yüksekokulu Akademik Kadro,İngilizce Mütercim ve Tercümanlık (Yüksekokul) (4 Yıllık),KONYA,23716,DİL,
ERZİNCAN BİNALİ YILDIRIM ÜNİVERSİTESİ Eğitim Fakültesi Akademik Kadro,İngilizce Öğretmenliği (İngilizce) (4 Yıllık),ERZİNCAN,23918,DİL,
SAKARYA ÜNİVERSİTESİ Fen-Edebiyat Fakültesi Akademik Kadro,İngilizce Mütercim ve Tercümanlık (Fakülte) (4 Yıllık),SAKARYA,24052,DİL,
ANADOLU ÜNİVERSİTESİ Eğitim Fakültesi Akademik Kadro,Almanca Öğretmenliği (4 Yıllık),ESKİŞEHİR,24212,DİL,
"SAMSUN ÜNİVERSİTESİ İktisadi, İdari ve Sosyal Bilimler Fakültesi Akademik Kadro",İngilizce Mütercim ve Tercümanlık (Fakülte) (4 Yıllık),SAMSUN,24380,DİL,
PAMUKKALE ÜNİVERSİTESİ Fen-Edebiyat Fakültesi Akademik Kadro,İngiliz Dili ve Edebiyatı (4 Yıllık),DENİZLİ,24561,DİL,
BAYBURT ÜNİVERSİTESİ Bayburt Eğitim Fakültesi Akademik Kadro,İngilizce Öğretmenliği (4 Yıllık),BAYBURT,24687,DİL,
ANKARA ÜNİVERSİTESİ Açık ve Uzaktan Eğitim Fakültesi Akademik Kadro,Arap Dili ve Edebiyatı (Uzaktan Öğretim) (4 Yıllık),ANKARA,24735,DİL,
ANKARA ÜNİVERSİTESİ Dil ve Tarih Coğrafya Fakültesi Akademik Kadro,İtalyan Dili ve Edebiyatı (İtalyanca) (4 Yıllık),ANKARA,24819,DİL,
ANADOLU ÜNİVERSİTESİ Edebiyat Fakültesi Akademik Kadro,Rus Dili ve Edebiyatı (Rusça) (4 Yıllık),ESKİŞEHİR,25253,DİL,
MUŞ ALPARSLAN ÜNİVERSİTESİ Eğitim Fakültesi Akademik Kadro,İngilizce Öğretmenliği (İngilizce) (4 Yıllık),MUŞ,25268,DİL,
SİİRT ÜNİVERSİTESİ Eğitim Fakültesi Akademik Kadro,İngilizce Öğretmenliği (İngilizce) (4 Yıllık),SİİRT,25309,DİL,
ANADOLU ÜNİVERSİTESİ Turizm Fakültesi Akademik Kadro,Turizm Rehberliği (Fakülte) (4 Yıllık),ESKİŞEHİR,25369,DİL,
ERCİYES ÜNİVERSİTESİ Edebiyat Fakültesi Akademik Kadro,Çin Dili ve Edebiyatı (4 Yıllık),KAYSERİ,25377,DİL,
MANİSA CELÂL BAYAR ÜNİVERSİTESİ Fen-Edebiyat Fakültesi Akademik Kadro,İngiliz Dili ve Edebiyatı (4 Yıllık),MANİSA,25609,DİL,
ANKARA ÜNİVERSİTESİ Dil ve Tarih Coğrafya Fakültesi Akademik Kadro,Dilbilimi (4 Yıllık),ANKARA,25619,DİL,
İSTANBUL ÜNİVERSİTESİ Edebiyat Fakültesi Akademik Kadro,Latin Dili ve Edebiyatı (4 Yıllık),İSTANBUL,25675,DİL,
DOKUZ EYLÜL ÜNİVERSİTESİ Edebiyat Fakültesi Akademik Kadro,Dilbilimi (4 Yıllık),İZMİR,25862,DİL,
ERCİYES ÜNİVERSİTESİ Edebiyat Fakültesi Akademik Kadro,Japon Dili ve Edebiyatı (4 Yıllık),KAYSERİ,25960,DİL,
ANKARA ÜNİVERSİTESİ Dil ve Tarih Coğrafya Fakültesi Akademik Kadro,Alman Dili ve Edebiyatı (Almanca) (4 Yıllık),ANKARA,26101,DİL,
TEKİRDAĞ NAMIK KEMAL ÜNİVERSİTESİ Fen-Edebiyat Fakültesi Akademik Kadro,İngiliz Dili ve Edebiyatı (4 Yıllık),TEKİRDAĞ,26395,DİL,
HAKKARİ ÜNİVERSİTESİ Eğitim Fakültesi Akademik Kadro,İngilizce Öğretmenliği (4 Yıllık),HAKKARİ,26558,DİL,
HACETTEPE ÜNİVERSİTESİ Edebiyat Fakültesi Akademik Kadro,Alman Dili ve Edebiyatı (KKTC Uyruklu) (4 Yıllık),ANKARA,26785,DİL,
SELÇUK ÜNİVERSİTESİ Edebiyat Fakültesi Akademik Kadro,İngiliz Dili ve Edebiyatı (İngilizce) (4 Yıllık),KONYA,26843,DİL,
ERCİYES ÜNİVERSİTESİ Edebiyat Fakültesi Akademik Kadro,İngiliz Dili ve Edebiyatı (4 Yıllık),KAYSERİ,26963,DİL,
GAZİ ÜNİVERSİTESİ Gazi Eğitim Fakültesi Akademik Kadro,Almanca Öğretmenliği (4 Yıllık),ANKARA,27013,DİL,
DOKUZ EYLÜL ÜNİVERSİTESİ Edebiyat Fakültesi Akademik Kadro,Karşılaştırmalı Edebiyat (4 Yıllık),İZMİR,27084,DİL,
KARADENİZ TEKNİK ÜNİVERSİTESİ Edebiyat Fakültesi Akademik Kadro,İngiliz Dili ve Edebiyatı (İngilizce) (4 Yıllık),TRABZON,27261,DİL,
GAZİ ÜNİVERSİTESİ Gazi Eğitim Fakültesi Akademik Kadro,Arapça Öğretmenliği (4 Yıllık),ANKARA,27550,DİL,
BURSA ULUDAĞ ÜNİVERSİTESİ Eğitim Fakültesi Akademik Kadro,Almanca Öğretmenliği (4 Yıllık),BURSA,27677,DİL,
KÜTAHYA DUMLUPINAR ÜNİVERSİTESİ Yabancı Diller Yüksekokulu Akademik Kadro,İngilizce Mütercim ve Tercümanlık (Yüksekokul) (4 Yıllık),KÜTAHYA,28066,DİL,
ERCİYES ÜNİVERSİTESİ Edebiyat Fakültesi Akademik Kadro,Kore Dili ve Edebiyatı (4 Yıllık),KAYSERİ,28076,DİL,
SÜLEYMAN DEMİREL ÜNİVERSİTESİ Fen-Edebiyat Fakültesi Akademik Kadro,İngiliz Dili ve Edebiyatı (4 Yıllık),ISPARTA,28326,DİL,
EGE ÜNİVERSİTESİ Çeşme Turizm Fakültesi Akademik Kadro,Turizm Rehberliği (Fakülte) (4 Yıllık),İZMİR,28461,DİL,
DOKUZ EYLÜL ÜNİVERSİTESİ Buca Eğitim Fakültesi Akademik Kadro,Fransızca Öğretmenliği (4 Yıllık),İZMİR,28547,DİL,
KIRKLARELİ ÜNİVERSİTESİ Fen-Edebiyat Fakültesi Akademik Kadro,İngilizce Mütercim ve Tercümanlık (Fakülte) (4 Yıllık),KIRKLARELİ,29191,DİL,
İSTANBUL ÜNİVERSİTESİ Edebiyat Fakültesi Akademik Kadro,Çağdaş Yunan Dili ve Edebiyatı (4 Yıllık),İSTANBUL,29278,DİL,
ORTA DOĞU TEKNİK ÜNİVERSİTESİ Eğitim Fakültesi Akademik Kadro,İngilizce Öğretmenliği (İngilizce) (UOLP-SUNY New Paltz) (Ücretli) (4 Yıllık),ANKARA,29468,DİL,
İNÖNÜ ÜNİVERSİTESİ Fen-Edebiyat Fakültesi Akademik Kadro,İngiliz Dili ve Edebiyatı (4 Yıllık),MALATYA,29474,DİL,
İSTANBUL ÜNİVERSİTESİ Edebiyat Fakültesi Akademik Kadro,Ukrayna Dili ve Edebiyatı (4 Yıllık),İSTANBUL,29502,DİL,
KIRIKKALE ÜNİVERSİTESİ Fen-Edebiyat Fakültesi Akademik Kadro,İngilizce Mütercim ve Tercümanlık (Fakülte) (4 Yıllık),KIRIKKALE,29555,DİL,
ADANA ALPARSLAN TÜRKEŞ BİLİM VE TEKNOLOJİ ÜNİVERSİTESİ İnsan ve Toplum Bilimleri Fakültesi Akademik Kadro,İngilizce Mütercim ve Tercümanlık (Fakülte) (4 Yıllık),ADANA,29658,DİL,
AKDENİZ ÜNİVERSİTESİ Edebiyat Fakültesi Akademik Kadro,Alman Dili ve Edebiyatı (4 Yıllık),ANTALYA,29717,DİL,
AKDENİZ ÜNİVERSİTESİ Edebiyat Fakültesi Akademik Kadro,Rus Dili ve Edebiyatı (4 Yıllık),ANTALYA,29740,DİL,
GAZİANTEP ÜNİVERSİTESİ Fen-Edebiyat Fakültesi Akademik Kadro,İngiliz Dili ve Edebiyatı (4 Yıllık),GAZİANTEP,29951,DİL,
ANADOLU ÜNİVERSİTESİ Eğitim Fakültesi Akademik Kadro,Fransızca Öğretmenliği (4 Yıllık),ESKİŞEHİR,30542,DİL,
PAMUKKALE ÜNİVERSİTESİ Fen-Edebiyat Fakültesi Akademik Kadro,İngiliz Dili ve Edebiyatı (İÖ) (4 Yıllık),DENİZLİ,30546,DİL,
NEVŞEHİR HACI BEKTAŞ VELİ ÜNİVERSİTESİ Fen-Edebiyat Fakültesi Akademik Kadro,Japon Dili ve Edebiyatı (4 Yıllık),NEVŞEHİR,30696,DİL,
ANKARA SOSYAL BİLİMLER ÜNİVERSİTESİ KKTC Akademik Birim (Lefkoşa) Akademik Kadro,İngilizce Öğretmenliği (Burslu) (4 Yıllık),ANKARA,30706,DİL,
MERSİN ÜNİVERSİTESİ Fen-Edebiyat Fakültesi Akademik Kadro,İngiliz Dilbilimi (İngilizce) (4 Yıllık),MERSİN,30802,DİL,
KÜTAHYA DUMLUPINAR ÜNİVERSİTESİ Fen-Edebiyat Fakültesi Akademik Kadro,İngiliz Dili ve Edebiyatı (İngilizce) (4 Yıllık),KÜTAHYA,31096,DİL,
GAZİ ÜNİVERSİTESİ Gazi Eğitim Fakültesi Akademik Kadro,Fransızca Öğretmenliği (4 Yıllık),ANKARA,31110,DİL,
SELÇUK ÜNİVERSİTESİ Yabancı Diller Yüksekokulu Akademik Kadro,İngilizce Mütercim ve Tercümanlık (Yüksekokul) (İÖ) (4 Yıllık),KONYA,31347,DİL,
İZMİR KATİP ÇELEBİ ÜNİVERSİTESİ Turizm Fakültesi Akademik Kadro,Turizm Rehberliği (Fakülte) (4 Yıllık),İZMİR,31953,DİL,
ESKİŞEHİR OSMANGAZİ ÜNİVERSİTESİ Fen-Edebiyat Fakültesi Akademik Kadro,Karşılaştırmalı Edebiyat (4 Yıllık),ESKİŞEHİR,32168,DİL,
HATAY MUSTAFA KEMAL ÜNİVERSİTESİ Fen-Edebiyat Fakültesi Akademik Kadro,İngiliz Dili ve Edebiyatı (İngilizce) (4 Yıllık),HATAY,32233,DİL,
ZONGULDAK BÜLENT ECEVİT ÜNİVERSİTESİ Fen-Edebiyat Fakültesi Akademik Kadro,İngiliz Dili ve Edebiyatı (4 Yıllık),ZONGULDAK,32281,DİL,
ORDU ÜNİVERSİTESİ Fen-Edebiyat Fakültesi Akademik Kadro,İngiliz Dili ve Edebiyatı (İngilizce) (4 Yıllık),ORDU,32962,DİL,
AMASYA ÜNİVERSİTESİ Yabancı Diller Yüksekokulu Akademik Kadro,İngilizce Mütercim ve Tercümanlık (Yüksekokul) (4 Yıllık),AMASYA,33137,DİL,
BARTIN ÜNİVERSİTESİ Edebiyat Fakültesi Akademik Kadro,İngilizce Mütercim ve Tercümanlık (Fakülte) (4 Yıllık),BARTIN,33160,DİL,
ANKARA ÜNİVERSİTESİ Açık ve Uzaktan Eğitim Fakültesi Akademik Kadro,Rus Dili ve Edebiyatı (Rusça) (Uzaktan Öğretim) (4 Yıllık),ANKARA,33353,DİL,
ANKARA HACI BAYRAM VELİ ÜNİVERSİTESİ Edebiyat Fakültesi Akademik Kadro,Fransız Dili ve Edebiyatı (4 Yıllık),ANKARA,33483,DİL,
ERCİYES ÜNİVERSİTESİ Edebiyat Fakültesi Akademik Kadro,İngiliz Dili ve Edebiyatı (İÖ) (4 Yıllık),KAYSERİ,33654,DİL,
MUĞLA SITKI KOÇMAN ÜNİVERSİTESİ Eğitim Fakültesi Akademik Kadro,Almanca Öğretmenliği (Almanca) (4 Yıllık),MUĞLA,33939,DİL,
ANKARA HACI BAYRAM VELİ ÜNİVERSİTESİ Edebiyat Fakültesi Akademik Kadro,Rus Dili ve Edebiyatı (4 Yıllık),ANKARA,34023,DİL,
BURDUR MEHMET AKİF ERSOY ÜNİVERSİTESİ Fen-Edebiyat Fakültesi Akademik Kadro,İngiliz Dili ve Edebiyatı (İngilizce) (4 Yıllık),BURDUR,34058,DİL,
VAN YÜZÜNCÜ YIL ÜNİVERSİTESİ Edebiyat Fakültesi Akademik Kadro,İngiliz Dili ve Edebiyatı (4 Yıllık),VAN,34158,DİL,
ATATÜRK ÜNİVERSİTESİ Edebiyat Fakültesi Akademik Kadro,İngiliz Dili ve Edebiyatı (İngilizce) (4 Yıllık),ERZURUM,34162,DİL,
NECMETTİN ERBAKAN ÜNİVERSİTESİ Ahmet Keleşoğlu Eğitim Fakültesi Akademik Kadro,Arapça Öğretmenliği (4 Yıllık),KONYA,34570,DİL,
SELÇUK ÜNİVERSİTESİ Edebiyat Fakültesi Akademik Kadro,İngiliz Dili ve Edebiyatı (İngilizce) (İÖ) (4 Yıllık),KONYA,34983,DİL,
BURSA ULUDAĞ ÜNİVERSİTESİ Eğitim Fakültesi Akademik Kadro,Fransızca Öğretmenliği (4 Yıllık),BURSA,35126,DİL,
AKDENİZ ÜNİVERSİTESİ Manavgat Turizm Fakültesi Akademik Kadro,Turizm Rehberliği (Fakülte) (4 Yıllık),ANTALYA,35367,DİL,
AYDIN ADNAN MENDERES ÜNİVERSİTESİ Turizm Fakültesi(Kuşadası) Akademik Kadro,Turizm Rehberliği (Fakülte) (4 Yıllık),AYDIN,35490,DİL,
İSTANBUL ÜNİVERSİTESİ Edebiyat Fakültesi Akademik Kadro,Leh Dili ve Edebiyatı (4 Yıllık),İSTANBUL,35528,DİL,
KIRKLARELİ ÜNİVERSİTESİ Fen-Edebiyat Fakültesi Akademik Kadro,İngiliz Dili ve Edebiyatı (İngilizce) (4 Yıllık),KIRKLARELİ,35691,DİL,
UŞAK ÜNİVERSİTESİ Fen-Edebiyat Fakültesi Akademik Kadro,İngiliz Dili ve Edebiyatı (İngilizce) (4 Yıllık),UŞAK,35926,DİL,
ATATÜRK ÜNİVERSİTESİ Yabancı Diller Yüksekokulu Akademik Kadro,İngilizce Mütercim ve Tercümanlık (Yüksekokul) (4 Yıllık),ERZURUM,36311,DİL,
NEVŞEHİR HACI BEKTAŞ VELİ ÜNİVERSİTESİ Fen-Edebiyat Fakültesi Akademik Kadro,Çin Dili ve Edebiyatı (4 Yıllık),NEVŞEHİR,36398,DİL,
FIRAT ÜNİVERSİTESİ İnsani ve Sosyal Bilimler Fakültesi Akademik Kadro,İngiliz Dili ve Edebiyatı (4 Yıllık),ELAZIĞ,36791,DİL,
KARABÜK ÜNİVERSİTESİ Edebiyat Fakültesi Akademik Kadro,İngiliz Dili ve Edebiyatı (4 Yıllık),KARABÜK,36793,DİL,
ERCİYES ÜNİVERSİTESİ Edebiyat Fakültesi Akademik Kadro,Kore Dili ve Edebiyatı (İÖ) (4 Yıllık),KAYSERİ,37112,DİL,
SAKARYA ÜNİVERSİTESİ Fen-Edebiyat Fakültesi Akademik Kadro,Almanca Mütercim ve Tercümanlık (Fakülte) (4 Yıllık),SAKARYA,37234,DİL,
Üniversite,Program Adı Öğretim Süresi,Şehir,TBS,2019,2018
SİVAS CUMHURİYET ÜNİVERSİTESİ Edebiyat Fakültesi Akademik Kadro,İngiliz Dili ve Edebiyatı (4 Yıllık),SİVAS,37307,DİL,
İSTANBUL ÜNİVERSİTESİ Edebiyat Fakültesi Akademik Kadro,Eski Yunan Dili ve Edebiyatı (4 Yıllık),İSTANBUL,37335,DİL,
ONDOKUZ MAYIS ÜNİVERSİTESİ Eğitim Fakültesi Akademik Kadro,Almanca Öğretmenliği (4 Yıllık),SAMSUN,37812,DİL,
KÜTAHYA DUMLUPINAR ÜNİVERSİTESİ Fen-Edebiyat Fakültesi Akademik Kadro,İngiliz Dili ve Edebiyatı (İngilizce) (İÖ) (4 Yıllık),KÜTAHYA,38000,DİL,
NİĞDE ÖMER HALİSDEMİR ÜNİVERSİTESİ Fen-Edebiyat Fakültesi Akademik Kadro,İngiliz Dili ve Edebiyatı (İngilizce) (4 Yıllık),NİĞDE,38521,DİL,
KAHRAMANMARAŞ İSTİKLAL ÜNİVERSİTESİ İnsan ve Toplum Bilimleri Fakültesi Akademik Kadro,İngilizce Mütercim ve Tercümanlık (Fakülte) (4 Yıllık),KAHRAMANMARAŞ,38572,DİL,
SİVAS CUMHURİYET ÜNİVERSİTESİ Edebiyat Fakültesi Akademik Kadro,"İngilizce, Fransızca Mütercim ve Tercümanlık (4 Yıllık)",SİVAS,38903,DİL,
AKSARAY ÜNİVERSİTESİ Fen-Edebiyat Fakültesi Akademik Kadro,İngiliz Dili ve Edebiyatı (İngilizce) (4 Yıllık),AKSARAY,39122,DİL,
MUĞLA SITKI KOÇMAN ÜNİVERSİTESİ Turizm Fakültesi Akademik Kadro,Turizm Rehberliği (Fakülte) (4 Yıllık),MUĞLA,39134,DİL,
ORDU ÜNİVERSİTESİ Fen-Edebiyat Fakültesi Akademik Kadro,İngiliz Dili ve Edebiyatı (İngilizce) (İÖ) (4 Yıllık),ORDU,39263,DİL,
RECEP TAYYİP ERDOĞAN ÜNİVERSİTESİ Fen-Edebiyat Fakültesi Akademik Kadro,İngiliz Dili ve Edebiyatı (İngilizce) (4 Yıllık),RİZE,39447,DİL,
GİRESUN ÜNİVERSİTESİ Fen-Edebiyat Fakültesi Akademik Kadro,İngiliz Dili ve Edebiyatı (İngilizce) (4 Yıllık),GİRESUN,39535,DİL,
OSMANİYE KORKUT ATA ÜNİVERSİTESİ Fen-Edebiyat Fakültesi Akademik Kadro,İngilizce Mütercim ve Tercümanlık (Fakülte) (4 Yıllık),OSMANİYE,39839,DİL,
AYDIN ADNAN MENDERES ÜNİVERSİTESİ Fen-Edebiyat Fakültesi Akademik Kadro,Alman Dili ve Edebiyatı (Almanca) (4 Yıllık),AYDIN,39864,DİL,
TOKAT GAZİOSMANPAŞA ÜNİVERSİTESİ Fen-Edebiyat Fakültesi Akademik Kadro,İngiliz Dili ve Edebiyatı (İngilizce) (4 Yıllık),TOKAT,40071,DİL,
AKDENİZ ÜNİVERSİTESİ Manavgat Turizm Fakültesi Akademik Kadro,Turizm Rehberliği (Fakülte) (İÖ) (4 Yıllık),ANTALYA,40085,DİL,
MARDİN ARTUKLU ÜNİVERSİTESİ Edebiyat Fakültesi Akademik Kadro,İngiliz Dili ve Edebiyatı (4 Yıllık),MARDİN,40450,DİL,
ÇUKUROVA ÜNİVERSİTESİ Eğitim Fakültesi Akademik Kadro,Almanca Öğretmenliği (4 Yıllık),ADANA,40475,DİL,
ANKARA ÜNİVERSİTESİ Dil ve Tarih Coğrafya Fakültesi Akademik Kadro,Latin Dili ve Edebiyatı (4 Yıllık),ANKARA,40762,DİL,
PAMUKKALE ÜNİVERSİTESİ Turizm Fakültesi Akademik Kadro,Turizm Rehberliği (Fakülte) (4 Yıllık),DENİZLİ,40819,DİL,
OSMANİYE KORKUT ATA ÜNİVERSİTESİ Fen-Edebiyat Fakültesi Akademik Kadro,İngiliz Dili ve Edebiyatı (İngilizce) (4 Yıllık),OSMANİYE,41233,DİL,
KARADENİZ TEKNİK ÜNİVERSİTESİ Edebiyat Fakültesi Akademik Kadro,Rus Dili ve Edebiyatı (Rusça) (4 Yıllık),TRABZON,41628,DİL,
ADIYAMAN ÜNİVERSİTESİ Fen-Edebiyat Fakültesi Akademik Kadro,İngiliz Dili ve Edebiyatı (İngilizce) (4 Yıllık),ADIYAMAN,42081,DİL,
ZONGULDAK BÜLENT ECEVİT ÜNİVERSİTESİ Fen-Edebiyat Fakültesi Akademik Kadro,İngiliz Dili ve Edebiyatı (İÖ) (4 Yıllık),ZONGULDAK,42145,DİL,
TRAKYA ÜNİVERSİTESİ Eğitim Fakültesi Akademik Kadro,Almanca Öğretmenliği (Almanca) (4 Yıllık),EDİRNE,42154,DİL,
KARAMANOĞLU MEHMETBEY ÜNİVERSİTESİ Edebiyat Fakültesi Akademik Kadro,İngiliz Dili ve Edebiyatı (İngilizce) (4 Yıllık),KARAMAN,42625,DİL,
BALIKESİR ÜNİVERSİTESİ Turizm Fakültesi Akademik Kadro,Turizm Rehberliği (Fakülte) (4 Yıllık),BALIKESİR,43228,DİL,
AYDIN ADNAN MENDERES ÜNİVERSİTESİ Turizm Fakültesi(Kuşadası) Akademik Kadro,Turizm Rehberliği (Fakülte) (İÖ) (4 Yıllık),AYDIN,43275,DİL,
TRAKYA ÜNİVERSİTESİ Edebiyat Fakültesi Akademik Kadro,Almanca Mütercim ve Tercümanlık (Fakülte) (4 Yıllık),EDİRNE,43369,DİL,
ATATÜRK ÜNİVERSİTESİ Edebiyat Fakültesi Akademik Kadro,İngiliz Dili ve Edebiyatı (İngilizce) (İÖ) (4 Yıllık),ERZURUM,43370,DİL,
MERSİN ÜNİVERSİTESİ Turizm Fakültesi Akademik Kadro,Turizm Rehberliği (Fakülte) (4 Yıllık),MERSİN,43957,DİL,
NEVŞEHİR HACI BEKTAŞ VELİ ÜNİVERSİTESİ Eğitim Fakültesi Akademik Kadro,Almanca Öğretmenliği (4 Yıllık),NEVŞEHİR,44135,DİL,
NECMETTİN ERBAKAN ÜNİVERSİTESİ Ahmet Keleşoğlu Eğitim Fakültesi Akademik Kadro,Almanca Öğretmenliği (4 Yıllık),KONYA,44145,DİL,
MARDİN ARTUKLU ÜNİVERSİTESİ Yabancı Diller Yüksekokulu Akademik Kadro,İngilizce Mütercim ve Tercümanlık (Yüksekokul) (4 Yıllık),MARDİN,44176,DİL,
ERZURUM TEKNİK ÜNİVERSİTESİ Edebiyat Fakültesi Akademik Kadro,İngiliz Dili ve Edebiyatı (İngilizce) (4 Yıllık),ERZURUM,44287,DİL,
MERSİN ÜNİVERSİTESİ Fen-Edebiyat Fakültesi Akademik Kadro,Almanca Mütercim ve Tercümanlık (Fakülte) (4 Yıllık),MERSİN,44742,DİL,
KARABÜK ÜNİVERSİTESİ Edebiyat Fakültesi Akademik Kadro,İngiliz Dili ve Edebiyatı (İÖ) (4 Yıllık),KARABÜK,44947,DİL,
SÜLEYMAN DEMİREL ÜNİVERSİTESİ Eğitim Fakültesi Akademik Kadro,Arapça Öğretmenliği (4 Yıllık),ISPARTA,44984,DİL,
AYDIN ADNAN MENDERES ÜNİVERSİTESİ Fen-Edebiyat Fakültesi Akademik Kadro,Fransız Dili ve Edebiyatı (Fransızca) (4 Yıllık),AYDIN,45067,DİL,
YOZGAT BOZOK ÜNİVERSİTESİ Fen-Edebiyat Fakültesi Akademik Kadro,İngiliz Dili ve Edebiyatı (İngilizce) (4 Yıllık),YOZGAT,45274,DİL,
ANKARA ÜNİVERSİTESİ Dil ve Tarih Coğrafya Fakültesi Akademik Kadro,Çağdaş Yunan Dili ve Edebiyatı (4 Yıllık),ANKARA,45279,DİL,
ARTVİN ÇORUH ÜNİVERSİTESİ Fen-Edebiyat Fakültesi Akademik Kadro,İngiliz Dili ve Edebiyatı (İngilizce) (4 Yıllık),ARTVİN,45387,DİL,
BATMAN ÜNİVERSİTESİ Fen-Edebiyat Fakültesi Akademik Kadro,İngiliz Dili ve Edebiyatı (4 Yıllık),BATMAN,45848,DİL,
ANKARA YILDIRIM BEYAZIT ÜNİVERSİTESİ İnsan ve Toplum Bilimleri Fakültesi Akademik Kadro,Arapça Mütercim ve Tercümanlık (Fakülte) (4 Yıllık),ANKARA,46144,DİL,
ADIYAMAN ÜNİVERSİTESİ Eğitim Fakültesi Akademik Kadro,Arapça Öğretmenliği (4 Yıllık),ADIYAMAN,46225,DİL,
MERSİN ÜNİVERSİTESİ Fen-Edebiyat Fakültesi Akademik Kadro,Fransızca Mütercim ve Tercümanlık (4 Yıllık),MERSİN,46340,DİL,
BOLU ABANT İZZET BAYSAL ÜNİVERSİTESİ Turizm Fakültesi Akademik Kadro,Turizm Rehberliği (Fakülte) (4 Yıllık),BOLU,47869,DİL,
SAKARYA ÜNİVERSİTESİ Fen-Edebiyat Fakültesi Akademik Kadro,Alman Dili ve Edebiyatı (4 Yıllık),SAKARYA,48255,DİL,
GÜMÜŞHANE ÜNİVERSİTESİ Edebiyat Fakültesi Akademik Kadro,İngiliz Dili ve Edebiyatı (4 Yıllık),GÜMÜŞHANE,48316,DİL,
TOKAT GAZİOSMANPAŞA ÜNİVERSİTESİ Fen-Edebiyat Fakültesi Akademik Kadro,İngiliz Dili ve Edebiyatı (İngilizce) (İÖ) (4 Yıllık),TOKAT,48421,DİL,
ATATÜRK ÜNİVERSİTESİ Edebiyat Fakültesi Akademik Kadro,Amerikan Kültürü ve Edebiyatı (4 Yıllık),ERZURUM,48780,DİL,
AKDENİZ ÜNİVERSİTESİ Edebiyat Fakültesi Akademik Kadro,Latin Dili ve Edebiyatı (4 Yıllık),ANTALYA,48807,DİL,
SAKARYA ÜNİVERSİTESİ Fen-Edebiyat Fakültesi Akademik Kadro,Almanca Mütercim ve Tercümanlık (Fakülte) (İÖ) (4 Yıllık),SAKARYA,49250,DİL,
ONDOKUZ MAYIS ÜNİVERSİTESİ Eğitim Fakültesi Akademik Kadro,Fransızca Öğretmenliği (4 Yıllık),SAMSUN,49367,DİL,
MUNZUR ÜNİVERSİTESİ Edebiyat Fakültesi Akademik Kadro,İngiliz Dili ve Edebiyatı (İngilizce) (4 Yıllık),TUNCELİ,49441,DİL,
NECMETTİN ERBAKAN ÜNİVERSİTESİ Sosyal ve Beşeri Bilimler Fakültesi Akademik Kadro,Dilbilimi (4 Yıllık),KONYA,49797,DİL,
ONDOKUZ MAYIS ÜNİVERSİTESİ Turizm Fakültesi (Bafra) Akademik Kadro,Turizm Rehberliği (Fakülte) (4 Yıllık),SAMSUN,50058,DİL,
SAKARYA UYGULAMALI BİLİMLER ÜNİVERSİTESİ Turizm Fakültesi (Sapanca) Akademik Kadro,Turizm Rehberliği (Fakülte) (4 Yıllık),SAKARYA,50062,DİL,
ANKARA ÜNİVERSİTESİ Dil ve Tarih Coğrafya Fakültesi Akademik Kadro,Yunan Dili ve Edebiyatı (4 Yıllık),ANKARA,50180,DİL,
TEKİRDAĞ NAMIK KEMAL ÜNİVERSİTESİ Fen-Edebiyat Fakültesi Akademik Kadro,Alman Dili ve Edebiyatı (4 Yıllık),TEKİRDAĞ,50228,DİL,
ATATÜRK ÜNİVERSİTESİ Kazım Karabekir Eğitim Fakültesi Akademik Kadro,Almanca Öğretmenliği (4 Yıllık),ERZURUM,50596,DİL,
PAMUKKALE ÜNİVERSİTESİ Fen-Edebiyat Fakültesi Akademik Kadro,Fransız Dili ve Edebiyatı (4 Yıllık),DENİZLİ,50607,DİL,
BİNGÖL ÜNİVERSİTESİ Fen-Edebiyat Fakültesi Akademik Kadro,İngiliz Dili ve Edebiyatı (4 Yıllık),BİNGÖL,50745,DİL,
BALIKESİR ÜNİVERSİTESİ Turizm Fakültesi Akademik Kadro,Turizm Rehberliği (Fakülte) (İÖ) (4 Yıllık),BALIKESİR,51241,DİL,
SELÇUK ÜNİVERSİTESİ Turizm Fakültesi Akademik Kadro,Turizm Rehberliği (Fakülte) (4 Yıllık),KONYA,51629,DİL,
ERCİYES ÜNİVERSİTESİ Edebiyat Fakültesi Akademik Kadro,Rus Dili ve Edebiyatı (4 Yıllık),KAYSERİ,51724,DİL,
İSTANBUL ÜNİVERSİTESİ Edebiyat Fakültesi Akademik Kadro,Fars Dili ve Edebiyatı (4 Yıllık),İSTANBUL,51882,DİL,
ISPARTA UYGULAMALI BİLİMLER ÜNİVERSİTESİ Turizm Fakültesi (Eğirdir) Akademik Kadro,Turizm Rehberliği (Fakülte) (4 Yıllık),ISPARTA,51996,DİL,
NEVŞEHİR HACI BEKTAŞ VELİ ÜNİVERSİTESİ Turizm Fakültesi Akademik Kadro,Turizm Rehberliği (Fakülte) (4 Yıllık),NEVŞEHİR,52462,DİL,
ANADOLU ÜNİVERSİTESİ Eğitim Fakültesi Akademik Kadro,İngilizce Öğretmenliği (İngilizce) (UOLP-SUNY Cortland) (Ücretli) (4 Yıllık),ESKİŞEHİR,52527,DİL,
ANKARA HACI BAYRAM VELİ ÜNİVERSİTESİ Edebiyat Fakültesi Akademik Kadro,Arapça Mütercim ve Tercümanlık (Fakülte) (4 Yıllık),ANKARA,52713,DİL,
MUŞ ALPARSLAN ÜNİVERSİTESİ Fen-Edebiyat Fakültesi Akademik Kadro,İngiliz Dili ve Edebiyatı (İngilizce) (4 Yıllık),MUŞ,52798,DİL,
BİTLİS EREN ÜNİVERSİTESİ Fen-Edebiyat Fakültesi Akademik Kadro,İngiliz Dili ve Edebiyatı (4 Yıllık),BİTLİS,53330,DİL,
ANKARA ÜNİVERSİTESİ Açık ve Uzaktan Eğitim Fakültesi Akademik Kadro,Sinoloji (Uzaktan Öğretim) (4 Yıllık),ANKARA,53830,DİL,
SELÇUK ÜNİVERSİTESİ Edebiyat Fakültesi Akademik Kadro,Alman Dili ve Edebiyatı (Almanca) (4 Yıllık),KONYA,53995,DİL,
DİCLE ÜNİVERSİTESİ Ziya Gökalp Eğitim Fakültesi Akademik Kadro,Almanca Öğretmenliği (4 Yıllık),DİYARBAKIR,54041,DİL,
KAFKAS ÜNİVERSİTESİ Fen-Edebiyat Fakültesi Akademik Kadro,İngiliz Dili ve Edebiyatı (İngilizce) (4 Yıllık),KARS,54245,DİL,
ÇUKUROVA ÜNİVERSİTESİ Eğitim Fakültesi Akademik Kadro,Fransızca Öğretmenliği (4 Yıllık),ADANA,54801,DİL,
TEKİRDAĞ NAMIK KEMAL ÜNİVERSİTESİ Fen-Edebiyat Fakültesi Akademik Kadro,Fransız Dili ve Edebiyatı (4 Yıllık),TEKİRDAĞ,54947,DİL,
AĞRI İBRAHİM ÇEÇEN ÜNİVERSİTESİ Yabancı Diller Yüksekokulu Akademik Kadro,İngilizce Mütercim ve Tercümanlık (Yüksekokul) (4 Yıllık),AĞRI,55581,DİL,
SELÇUK ÜNİVERSİTESİ Edebiyat Fakültesi Akademik Kadro,Karşılaştırmalı Edebiyat (4 Yıllık),KONYA,55775,DİL,
ERCİYES ÜNİVERSİTESİ Turizm Fakültesi Akademik Kadro,Turizm Rehberliği (Fakülte) (4 Yıllık),KAYSERİ,55950,DİL,
ARDAHAN ÜNİVERSİTESİ Ardahan İnsani Bilimler ve Edebiyat Fakültesi Akademik Kadro,İngiliz Dili ve Edebiyatı (İngilizce) (4 Yıllık),ARDAHAN,56054,DİL,
SİİRT ÜNİVERSİTESİ Yabancı Diller Yüksekokulu Akademik Kadro,İngilizce Mütercim ve Tercümanlık (Yüksekokul) (4 Yıllık),SİİRT,56323,DİL,
AFYON KOCATEPE ÜNİVERSİTESİ Turizm Fakültesi Akademik Kadro,Turizm Rehberliği (Fakülte) (4 Yıllık),AFYONKARAHİSAR,56548,DİL,
KIRIKKALE ÜNİVERSİTESİ Fen-Edebiyat Fakültesi Akademik Kadro,Fransızca Mütercim ve Tercümanlık (4 Yıllık),KIRIKKALE,56863,DİL,
KIRKLARELİ ÜNİVERSİTESİ Turizm Fakültesi Akademik Kadro,Turizm Rehberliği (Fakülte) (4 Yıllık),KIRKLARELİ,56879,DİL,
ANKARA ÜNİVERSİTESİ Dil ve Tarih Coğrafya Fakültesi Akademik Kadro,Çağdaş Yunan Dili ve Edebiyatı (KKTC Uyruklu) (4 Yıllık),ANKARA,57365,DİL,
SELÇUK ÜNİVERSİTESİ Edebiyat Fakültesi Akademik Kadro,Arap Dili ve Edebiyatı (Arapça) (4 Yıllık),KONYA,57640,DİL,
AĞRI İBRAHİM ÇEÇEN ÜNİVERSİTESİ Fen-Edebiyat Fakültesi Akademik Kadro,İngiliz Dili ve Edebiyatı (İngilizce) (4 Yıllık),AĞRI,57909,DİL,
IĞDIR ÜNİVERSİTESİ Fen-Edebiyat Fakültesi Akademik Kadro,İngiliz Dili ve Edebiyatı (4 Yıllık),IĞDIR,57979,DİL,
ANKARA ÜNİVERSİTESİ Dil ve Tarih Coğrafya Fakültesi Akademik Kadro,Leh Dili ve Edebiyatı (Lehçe) (4 Yıllık),ANKARA,58194,DİL,
İSTANBUL ÜNİVERSİTESİ Edebiyat Fakültesi Akademik Kadro,Hititoloji (4 Yıllık),İSTANBUL,58204,DİL,
BİNGÖL ÜNİVERSİTESİ Fen-Edebiyat Fakültesi Akademik Kadro,İngiliz Dili ve Edebiyatı (İÖ) (4 Yıllık),BİNGÖL,58559,DİL,
ANKARA ÜNİVERSİTESİ Dil ve Tarih Coğrafya Fakültesi Akademik Kadro,Arap Dili ve Edebiyatı (4 Yıllık),ANKARA,58658,DİL,
NECMETTİN ERBAKAN ÜNİVERSİTESİ Turizm Fakültesi Akademik Kadro,Turizm Rehberliği (Fakülte) (4 Yıllık),KONYA,59441,DİL,
KAFKAS ÜNİVERSİTESİ Fen-Edebiyat Fakültesi Akademik Kadro,İngiliz Dili ve Edebiyatı (İngilizce) (İÖ) (4 Yıllık),KARS,59657,DİL,
SELÇUK ÜNİVERSİTESİ Yabancı Diller Yüksekokulu Akademik Kadro,Arapça Mütercim ve Tercümanlık (Yüksekokul) (4 Yıllık),KONYA,60084,DİL,
SAKARYA UYGULAMALI BİLİMLER ÜNİVERSİTESİ Turizm Fakültesi (Sapanca) Akademik Kadro,Turizm Rehberliği (Fakülte) (İÖ) (4 Yıllık),SAKARYA,60387,DİL,
NEVŞEHİR HACI BEKTAŞ VELİ ÜNİVERSİTESİ Fen-Edebiyat Fakültesi Akademik Kadro,Rus Dili ve Edebiyatı (4 Yıllık),NEVŞEHİR,61534,DİL,
Üniversite,Program Adı Öğretim Süresi,Şehir,TBS,2019,2018
İSKENDERUN TEKNİK ÜNİVERSİTESİ Turizm Fakültesi Akademik Kadro,Turizm Rehberliği (Fakülte) (4 Yıllık),HATAY,61929,DİL,
ORTA DOĞU TEKNİK ÜNİVERSİTESİ ODTÜ Kuzey Kıbrıs Kampusu (KKTC-Güzelyurt) Akademik Kadro,İngilizce Öğretmenliği (İngilizce) (%50 İndirimli) (4 Yıllık),ANKARA,62494,DİL,
ATATÜRK ÜNİVERSİTESİ Turizm Fakültesi Akademik Kadro,Turizm Rehberliği (Fakülte) (4 Yıllık),ERZURUM,62732,DİL,
SELÇUK ÜNİVERSİTESİ Edebiyat Fakültesi Akademik Kadro,Rus Dili ve Edebiyatı (Rusça) (4 Yıllık),KONYA,62788,DİL,
HAKKARİ ÜNİVERSİTESİ Eğitim Fakültesi Akademik Kadro,Almanca Öğretmenliği (4 Yıllık),HAKKARİ,62829,DİL,
DİCLE ÜNİVERSİTESİ Edebiyat Fakültesi Akademik Kadro,Arap Dili ve Edebiyatı (4 Yıllık),DİYARBAKIR,63164,DİL,
ZONGULDAK BÜLENT ECEVİT ÜNİVERSİTESİ Karadeniz Ereğli Turizm Fakültesi Akademik Kadro,Turizm Rehberliği (Fakülte) (4 Yıllık),ZONGULDAK,63844,DİL,
SELÇUK ÜNİVERSİTESİ Beyşehir Ali Akkanat Turizm Fakültesi Akademik Kadro,Turizm Rehberliği (Fakülte) (4 Yıllık),KONYA,63988,DİL,
KARABÜK ÜNİVERSİTESİ Safranbolu Turizm Fakültesi Akademik Kadro,Turizm Rehberliği (Fakülte) (4 Yıllık),KARABÜK,64113,DİL,
AĞRI İBRAHİM ÇEÇEN ÜNİVERSİTESİ Yabancı Diller Yüksekokulu Akademik Kadro,İngilizce Mütercim ve Tercümanlık (Yüksekokul) (İÖ) (4 Yıllık),AĞRI,64598,DİL,
KAFKAS ÜNİVERSİTESİ Fen-Edebiyat Fakültesi Akademik Kadro,"İngilizce, Fransızca Mütercim ve Tercümanlık (4 Yıllık)",KARS,64740,DİL,
BİLECİK ŞEYH EDEBALİ ÜNİVERSİTESİ Uygulamalı Bilimler Fakültesi Akademik Kadro,Turizm Rehberliği (Fakülte) (4 Yıllık),BİLECİK,64955,DİL,
SELÇUK ÜNİVERSİTESİ Edebiyat Fakültesi Akademik Kadro,Alman Dili ve Edebiyatı (Almanca) (İÖ) (4 Yıllık),KONYA,64982,DİL,
SELÇUK ÜNİVERSİTESİ Edebiyat Fakültesi Akademik Kadro,Fransız Dili ve Edebiyatı (4 Yıllık),KONYA,65038,DİL,
ERCİYES ÜNİVERSİTESİ Edebiyat Fakültesi Akademik Kadro,Rus Dili ve Edebiyatı (İÖ) (4 Yıllık),KAYSERİ,65452,DİL,
AKDENİZ ÜNİVERSİTESİ Edebiyat Fakültesi Akademik Kadro,Eski Yunan Dili ve Edebiyatı (4 Yıllık),ANTALYA,65943,DİL,
AKSARAY ÜNİVERSİTESİ Turizm Fakültesi Akademik Kadro,Turizm Rehberliği (Fakülte) (4 Yıllık),AKSARAY,66159,DİL,
ATATÜRK ÜNİVERSİTESİ Edebiyat Fakültesi Akademik Kadro,Alman Dili ve Edebiyatı (4 Yıllık),ERZURUM,66367,DİL,
ORTA DOĞU TEKNİK ÜNİVERSİTESİ ODTÜ Kuzey Kıbrıs Kampusu (KKTC-Güzelyurt) Akademik Kadro,İngilizce Öğretmenliği (İngilizce) (Ücretli) (4 Yıllık),ANKARA,67043,DİL,
ONDOKUZ MAYIS ÜNİVERSİTESİ Yabancı Diller Yüksekokulu Akademik Kadro,Arapça Mütercim ve Tercümanlık (Yüksekokul) (4 Yıllık),SAMSUN,67134,DİL,
SİNOP ÜNİVERSİTESİ Turizm İşletmeciliği ve Otelcilik Yüksekokulu Akademik Kadro,Turizm Rehberliği (Yüksekokul) (4 Yıllık),SİNOP,67185,DİL,
AFYON KOCATEPE ÜNİVERSİTESİ Turizm Fakültesi Akademik Kadro,Turizm Rehberliği (Fakülte) (İÖ) (4 Yıllık),AFYONKARAHİSAR,67441,DİL,
ATATÜRK ÜNİVERSİTESİ Kazım Karabekir Eğitim Fakültesi Akademik Kadro,Fransızca Öğretmenliği (4 Yıllık),ERZURUM,67550,DİL,
MARDİN ARTUKLU ÜNİVERSİTESİ Turizm Fakültesi Akademik Kadro,Turizm Rehberliği (Fakülte) (4 Yıllık),MARDİN,67863,DİL,
PAMUKKALE ÜNİVERSİTESİ Fen-Edebiyat Fakültesi Akademik Kadro,Fransız Dili ve Edebiyatı (KKTC Uyruklu) (4 Yıllık),DENİZLİ,67979,DİL,
İSTANBUL ÜNİVERSİTESİ Edebiyat Fakültesi Akademik Kadro,Fransızca Mütercim ve Tercümanlık (4 Yıllık),İSTANBUL,68367,DİL,
KARAMANOĞLU MEHMETBEY ÜNİVERSİTESİ Yabancı Diller Yüksekokulu Akademik Kadro,Almanca Mütercim ve Tercümanlık (Yüksekokul) (4 Yıllık),KARAMAN,68390,DİL,
ATATÜRK ÜNİVERSİTESİ Edebiyat Fakültesi Akademik Kadro,Arap Dili ve Edebiyatı (4 Yıllık),ERZURUM,69261,DİL,
KIRIKKALE ÜNİVERSİTESİ Fen-Edebiyat Fakültesi Akademik Kadro,Arapça Mütercim ve Tercümanlık (Fakülte) (4 Yıllık),KIRIKKALE,69415,DİL,
SİVAS CUMHURİYET ÜNİVERSİTESİ Edebiyat Fakültesi Akademik Kadro,Alman Dili ve Edebiyatı (4 Yıllık),SİVAS,69489,DİL,
HACETTEPE ÜNİVERSİTESİ Eğitim Fakültesi Akademik Kadro,Almanca Öğretmenliği (Almanca) (4 Yıllık),ANKARA,69782,DİL,
FIRAT ÜNİVERSİTESİ İnsani ve Sosyal Bilimler Fakültesi Akademik Kadro,Alman Dili ve Edebiyatı (4 Yıllık),ELAZIĞ,70115,DİL,
İSTANBUL ÜNİVERSİTESİ Edebiyat Fakültesi Akademik Kadro,Almanca Mütercim ve Tercümanlık (Fakülte) (4 Yıllık),İSTANBUL,70427,DİL,
ADIYAMAN ÜNİVERSİTESİ Turizm Fakültesi Akademik Kadro,Turizm Rehberliği (Fakülte) (4 Yıllık),ADIYAMAN,Dolmadı,DİL,
AĞRI İBRAHİM ÇEÇEN ÜNİVERSİTESİ Fen-Edebiyat Fakültesi Akademik Kadro,Rus Dili ve Edebiyatı (4 Yıllık),AĞRI,Dolmadı,DİL,
ANADOLU ÜNİVERSİTESİ Turizm Fakültesi Akademik Kadro,Turizm Rehberliği (Fakülte) (KKTC Uyruklu) (4 Yıllık),ESKİŞEHİR,Dolmadı,DİL,
ANKARA SOSYAL BİLİMLER ÜNİVERSİTESİ KKTC Akademik Birim (Lefkoşa) Akademik Kadro,İngilizce Öğretmenliği (%50 İndirimli) (4 Yıllık),ANKARA,Dolmadı,DİL,
ANKARA SOSYAL BİLİMLER ÜNİVERSİTESİ KKTC Akademik Birim (Lefkoşa) Akademik Kadro,İngilizce Öğretmenliği (Ücretli) (4 Yıllık),ANKARA,Dolmadı,DİL,
ANKARA ÜNİVERSİTESİ Dil ve Tarih Coğrafya Fakültesi Akademik Kadro,Bulgar Dili ve Edebiyatı (Bulgarca) (4 Yıllık),ANKARA,Dolmadı,DİL,
ANKARA ÜNİVERSİTESİ Dil ve Tarih Coğrafya Fakültesi Akademik Kadro,Ermeni Dili ve Kültürü (Ermenice) (4 Yıllık),ANKARA,Dolmadı,DİL,
ANKARA ÜNİVERSİTESİ Dil ve Tarih Coğrafya Fakültesi Akademik Kadro,Fars Dili ve Edebiyatı (4 Yıllık),ANKARA,Dolmadı,DİL,
ANKARA ÜNİVERSİTESİ Dil ve Tarih Coğrafya Fakültesi Akademik Kadro,Hindoloji (4 Yıllık),ANKARA,Dolmadı,DİL,
ANKARA ÜNİVERSİTESİ Dil ve Tarih Coğrafya Fakültesi Akademik Kadro,Hititoloji (4 Yıllık),ANKARA,Dolmadı,DİL,
ANKARA ÜNİVERSİTESİ Dil ve Tarih Coğrafya Fakültesi Akademik Kadro,Hungaroloji (4 Yıllık),ANKARA,Dolmadı,DİL,
ANKARA ÜNİVERSİTESİ Dil ve Tarih Coğrafya Fakültesi Akademik Kadro,İtalyan Dili ve Edebiyatı (İtalyanca) (KKTC Uyruklu) (4 Yıllık),ANKARA,Dolmadı,DİL,
ANKARA ÜNİVERSİTESİ Dil ve Tarih Coğrafya Fakültesi Akademik Kadro,Urdu Dili ve Edebiyatı (4 Yıllık),ANKARA,Dolmadı,DİL,
ARDAHAN ÜNİVERSİTESİ Ardahan İnsani Bilimler ve Edebiyat Fakültesi Akademik Kadro,Rus Dili ve Edebiyatı (4 Yıllık),ARDAHAN,Dolmadı,DİL,
ATATÜRK ÜNİVERSİTESİ Edebiyat Fakültesi Akademik Kadro,Arap Dili ve Edebiyatı (İÖ) (4 Yıllık),ERZURUM,Dolmadı,DİL,
ATATÜRK ÜNİVERSİTESİ Edebiyat Fakültesi Akademik Kadro,Fars Dili ve Edebiyatı (4 Yıllık),ERZURUM,Dolmadı,DİL,
ATATÜRK ÜNİVERSİTESİ Edebiyat Fakültesi Akademik Kadro,Rus Dili ve Edebiyatı (4 Yıllık),ERZURUM,Dolmadı,DİL,
BATMAN ÜNİVERSİTESİ Turizm İşletmeciliği ve Otelcilik Yüksekokulu Akademik Kadro,Turizm Rehberliği (Yüksekokul) (4 Yıllık),BATMAN,Dolmadı,DİL,
BİNGÖL ÜNİVERSİTESİ Fen-Edebiyat Fakültesi Akademik Kadro,Arap Dili ve Edebiyatı (4 Yıllık),BİNGÖL,Dolmadı,DİL,
BOĞAZİÇİ ÜNİVERSİTESİ Fen-Edebiyat Fakültesi Akademik Kadro,Çeviribilimi (İngilizce) (KKTC Uyruklu) (4 Yıllık),İSTANBUL,Dolmadı,DİL,
ÇANKIRI KARATEKİN ÜNİVERSİTESİ Ilgaz Turizm ve Otelcilik Yüksekokulu Akademik Kadro,Turizm Rehberliği (Yüksekokul) (4 Yıllık),ÇANKIRI,Dolmadı,DİL,
DOKUZ EYLÜL ÜNİVERSİTESİ Buca Eğitim Fakültesi Akademik Kadro,Almanca Öğretmenliği (4 Yıllık),İZMİR,Dolmadı,DİL,
ERCİYES ÜNİVERSİTESİ Edebiyat Fakültesi Akademik Kadro,Ermeni Dili ve Kültürü (4 Yıllık),KAYSERİ,Dolmadı,DİL,
ERCİYES ÜNİVERSİTESİ Edebiyat Fakültesi Akademik Kadro,İbrani Dili ve Kültürü (4 Yıllık),KAYSERİ,Dolmadı,DİL,
ERCİYES ÜNİVERSİTESİ Edebiyat Fakültesi Akademik Kadro,Japon Dili ve Edebiyatı (KKTC Uyruklu) (4 Yıllık),KAYSERİ,Dolmadı,DİL,
GÜMÜŞHANE ÜNİVERSİTESİ Turizm Fakültesi Akademik Kadro,Turizm Rehberliği (Fakülte) (4 Yıllık),GÜMÜŞHANE,Dolmadı,DİL,
HARRAN ÜNİVERSİTESİ Turizm ve Otel İşletmeciliği Yüksekokulu Akademik Kadro,Turizm Rehberliği (Yüksekokul) (4 Yıllık),ŞANLIURFA,Dolmadı,DİL,
İSTANBUL ÜNİVERSİTESİ Edebiyat Fakültesi Akademik Kadro,Urdu Dili ve Edebiyatı (4 Yıllık),İSTANBUL,Dolmadı,DİL,
İSTANBUL ÜNİVERSİTESİ-CERRAHPAŞA Hasan Ali Yücel Eğitim Fakültesi Akademik Kadro,Almanca Öğretmenliği (Almanca) (4 Yıllık),İSTANBUL,Dolmadı,DİL,
İSTANBUL ÜNİVERSİTESİ-CERRAHPAŞA Hasan Ali Yücel Eğitim Fakültesi Akademik Kadro,Fransızca Öğretmenliği (Fransızca) (4 Yıllık),İSTANBUL,Dolmadı,DİL,
KAFKAS ÜNİVERSİTESİ Fen-Edebiyat Fakültesi Akademik Kadro,Arap Dili ve Edebiyatı (4 Yıllık),KARS,Dolmadı,DİL,
KAFKAS ÜNİVERSİTESİ Fen-Edebiyat Fakültesi Akademik Kadro,Rus Dili ve Edebiyatı (4 Yıllık),KARS,Dolmadı,DİL,
KARAMANOĞLU MEHMETBEY ÜNİVERSİTESİ Yabancı Diller Yüksekokulu Akademik Kadro,Arapça Mütercim ve Tercümanlık (Yüksekokul) (4 Yıllık),KARAMAN,Dolmadı,DİL,
KARAMANOĞLU MEHMETBEY ÜNİVERSİTESİ Uygulamalı Bilimler Yüksekokulu Akademik Kadro,Turizm Rehberliği (Yüksekokul) (4 Yıllık),KARAMAN,Dolmadı,DİL,
KASTAMONU ÜNİVERSİTESİ Turizm Fakültesi Akademik Kadro,Turizm Rehberliği (Fakülte) (4 Yıllık),KASTAMONU,Dolmadı,DİL,
KIRIKKALE ÜNİVERSİTESİ Fen-Edebiyat Fakültesi Akademik Kadro,Farsça Mütercim ve Tercümanlık (4 Yıllık),KIRIKKALE,Dolmadı,DİL,
KIRIKKALE ÜNİVERSİTESİ Fen-Edebiyat Fakültesi Akademik Kadro,Fransızca Mütercim ve Tercümanlık (İÖ) (4 Yıllık),KIRIKKALE,Dolmadı,DİL,
KIRIKKALE ÜNİVERSİTESİ Fen-Edebiyat Fakültesi Akademik Kadro,İngilizce Mütercim ve Tercümanlık (Fakülte) (KKTC Uyruklu) (4 Yıllık),KIRIKKALE,Dolmadı,DİL,
KİLİS 7 ARALIK ÜNİVERSİTESİ Fen-Edebiyat Fakültesi Akademik Kadro,Arap Dili ve Edebiyatı (4 Yıllık),KİLİS,Dolmadı,DİL,
MANİSA CELÂL BAYAR ÜNİVERSİTESİ Fen-Edebiyat Fakültesi Akademik Kadro,İngiliz Dili ve Edebiyatı (KKTC Uyruklu) (4 Yıllık),MANİSA,Dolmadı,DİL,
MARDİN ARTUKLU ÜNİVERSİTESİ Edebiyat Fakültesi Akademik Kadro,Arap Dili ve Edebiyatı (4 Yıllık),MARDİN,Dolmadı,DİL,
MARDİN ARTUKLU ÜNİVERSİTESİ Edebiyat Fakültesi Akademik Kadro,Fars Dili ve Edebiyatı (4 Yıllık),MARDİN,Dolmadı,DİL,
MARMARA ÜNİVERSİTESİ Fen-Edebiyat Fakültesi Akademik Kadro,Alman Dili ve Edebiyatı (4 Yıllık),İSTANBUL,Dolmadı,DİL,
MARMARA ÜNİVERSİTESİ Atatürk Eğitim Fakültesi Akademik Kadro,Almanca Öğretmenliği (Almanca) (4 Yıllık),İSTANBUL,Dolmadı,DİL,
MERSİN ÜNİVERSİTESİ Fen-Edebiyat Fakültesi Akademik Kadro,Fransızca Mütercim ve Tercümanlık (KKTC Uyruklu) (4 Yıllık),MERSİN,Dolmadı,DİL,
SELÇUK ÜNİVERSİTESİ Edebiyat Fakültesi Akademik Kadro,Arap Dili ve Edebiyatı (Arapça) (İÖ) (4 Yıllık),KONYA,Dolmadı,DİL,
SELÇUK ÜNİVERSİTESİ Edebiyat Fakültesi Akademik Kadro,Fars Dili ve Edebiyatı (4 Yıllık),KONYA,Dolmadı,DİL,
SİVAS CUMHURİYET ÜNİVERSİTESİ Edebiyat Fakültesi Akademik Kadro,Fransız Dili ve Edebiyatı (4 Yıllık),SİVAS,Dolmadı,DİL,
TRAKYA ÜNİVERSİTESİ Edebiyat Fakültesi Akademik Kadro,Arnavut Dili ve Edebiyatı (4 Yıllık),EDİRNE,Dolmadı,DİL,
TRAKYA ÜNİVERSİTESİ Edebiyat Fakültesi Akademik Kadro,Boşnak Dili ve Edebiyatı (4 Yıllık),EDİRNE,Dolmadı,DİL,
TRAKYA ÜNİVERSİTESİ Edebiyat Fakültesi Akademik Kadro,Bulgarca Mütercim ve Tercümanlık (4 Yıllık),EDİRNE,Dolmadı,DİL,
TRAKYA ÜNİVERSİTESİ Edebiyat Fakültesi Akademik Kadro,Çağdaş Yunan Dili ve Edebiyatı (4 Yıllık),EDİRNE,Dolmadı,DİL,
